Datum,1 SEK = ? USD,1 USD = ? SEK,1 SEK = ? EUR,1 EUR = ? SEK
2014-01-02,0.1544,6.4767,0.1125,8.8855
2014-01-03,0.1535,6.514,0.1126,8.8825
2014-01-07,0.1536,6.5112,0.1128,8.8684
2014-01-08,0.153,6.5352,0.1125,8.8922
2014-01-09,0.1522,6.5709,0.1119,8.9376
2014-01-10,0.1529,6.5405,0.1123,8.9015
2014-01-13,0.1541,6.4882,0.1128,8.8688
2014-01-14,0.1545,6.4742,0.1128,8.8643
2014-01-15,0.1549,6.4575,0.1137,8.7978
2014-01-16,0.1546,6.4673,0.1136,8.8008
2014-01-17,0.1544,6.4767,0.1135,8.8097
2014-01-20,0.1544,6.4756,0.114,8.7757
2014-01-21,0.1539,6.4993,0.1137,8.7955
2014-01-22,0.154,6.4949,0.1137,8.7957
2014-01-23,0.1552,6.4419,0.114,8.7704
2014-01-24,0.1553,6.4408,0.1135,8.813
2014-01-27,0.1553,6.4394,0.1134,8.8164
2014-01-28,0.1556,6.4252,0.1139,8.7766
2014-01-29,0.1558,6.4205,0.1139,8.7791
2014-01-30,0.1542,6.4838,0.1132,8.8307
2014-01-31,0.1532,6.5262,0.113,8.8466
2014-02-03,0.153,6.5366,0.1135,8.8143
2014-02-04,0.1527,6.5472,0.1131,8.8389
2014-02-05,0.153,6.5366,0.1132,8.8359
2014-02-06,0.153,6.5355,0.1131,8.8422
2014-02-07,0.1537,6.5045,0.1133,8.829
2014-02-10,0.1543,6.4827,0.1131,8.8451
2014-02-11,0.155,6.4536,0.1133,8.8282
2014-02-12,0.1553,6.4402,0.1139,8.7799
2014-02-13,0.1553,6.4382,0.114,8.7741
2014-02-14,0.155,6.4511,0.1132,8.8361
2014-02-17,0.1552,6.4428,0.1133,8.828
2014-02-18,0.1547,6.4659,0.1128,8.8648
2014-02-19,0.1541,6.4881,0.112,8.9255
2014-02-20,0.1531,6.5314,0.1118,8.9485
2014-02-21,0.1523,6.5652,0.1111,8.9981
2014-02-24,0.1534,6.5169,0.1116,8.9601
2014-02-25,0.1539,6.4981,0.1119,8.9386
2014-02-26,0.1537,6.5061,0.1119,8.9365
2014-02-27,0.1533,6.5218,0.1123,8.9078
2014-02-28,0.1541,6.4908,0.1123,8.901
2014-03-03,0.1555,6.4314,0.1129,8.8562
2014-03-04,0.155,6.4506,0.1126,8.8774
2014-03-05,0.1549,6.4568,0.1128,8.8677
2014-03-06,0.1555,6.4292,0.1133,8.8252
2014-03-07,0.1564,6.3923,0.1128,8.8662
2014-03-10,0.1566,6.3854,0.1128,8.8659
2014-03-11,0.1567,6.3827,0.113,8.8476
2014-03-12,0.1565,6.3884,0.113,8.8474
2014-03-13,0.1577,6.3422,0.1131,8.844
2014-03-14,0.1567,6.3822,0.1129,8.8551
2014-03-17,0.1563,6.3973,0.1125,8.885
2014-03-18,0.157,6.3698,0.1129,8.8606
2014-03-19,0.1577,6.3392,0.1133,8.8232
2014-03-20,0.1562,6.4026,0.113,8.8514
2014-03-21,0.1559,6.4157,0.1131,8.8431
2014-03-24,0.1557,6.4212,0.1128,8.8628
2014-03-25,0.1561,6.4042,0.1129,8.8604
2014-03-26,0.1556,6.4285,0.1126,8.8799
2014-03-27,0.1543,6.4798,0.1122,8.9147
2014-03-28,0.1541,6.4874,0.1124,8.897
2014-03-31,0.1537,6.5068,0.1118,8.9482
2014-04-01,0.155,6.4508,0.1124,8.8933
2014-04-02,0.155,6.4521,0.1123,8.9057
2014-04-03,0.154,6.492,0.1119,8.9366
2014-04-04,0.1529,6.5407,0.1116,8.9606
2014-04-07,0.1528,6.5464,0.1114,8.9788
2014-04-08,0.1534,6.5189,0.1115,8.9675
2014-04-09,0.154,6.4936,0.1116,8.9573
2014-04-10,0.1534,6.5208,0.1107,9.0358
2014-04-11,0.1532,6.5284,0.1102,9.0715
2014-04-14,0.1527,6.5472,0.1102,9.0715
2014-04-15,0.1521,6.5739,0.1102,9.0726
2014-04-16,0.1524,6.5619,0.1102,9.0726
2014-04-17,0.152,6.5781,0.1098,9.1036
2014-04-22,0.1514,6.6051,0.1097,9.1137
2014-04-23,0.1518,6.5871,0.1099,9.0972
2014-04-24,0.1525,6.5554,0.1103,9.0646
2014-04-25,0.152,6.5798,0.1099,9.1017
2014-04-28,0.1524,6.5605,0.1099,9.1008
2014-04-29,0.153,6.5353,0.1103,9.0654
2014-04-30,0.1522,6.569,0.1103,9.0674
2014-05-02,0.1532,6.5295,0.1106,9.0447
2014-05-05,0.1532,6.5265,0.1105,9.0533
2014-05-06,0.1533,6.5215,0.1102,9.0705
2014-05-07,0.1538,6.5034,0.1104,9.0564
2014-05-08,0.1541,6.4895,0.1107,9.0365
2014-05-09,0.1534,6.5168,0.1109,9.0132
2014-05-12,0.1526,6.5548,0.1108,9.0247
2014-05-13,0.1526,6.5527,0.1108,9.0219
2014-05-14,0.1527,6.5496,0.1113,8.9866
2014-05-15,0.1523,6.565,0.1113,8.9879
2014-05-16,0.1522,6.5721,0.1109,9.0162
2014-05-19,0.1522,6.5702,0.1109,9.0133
2014-05-20,0.1513,6.6093,0.1105,9.0514
2014-05-21,0.1518,6.5894,0.1106,9.0381
2014-05-22,0.1521,6.5738,0.1113,8.9843
2014-05-23,0.1509,6.6274,0.1106,9.0448
2014-05-26,0.1508,6.6313,0.1106,9.0405
2014-05-27,0.151,6.6246,0.1106,9.042
2014-05-28,0.1508,6.6311,0.1107,9.0339
2014-05-30,0.1502,6.6563,0.1104,9.0616
2014-06-02,0.1495,6.6883,0.1098,9.1038
2014-06-03,0.1495,6.6888,0.1099,9.0988
2014-06-04,0.1499,6.6724,0.1101,9.0837
2014-06-05,0.1504,6.6495,0.1106,9.0454
2014-06-09,0.1506,6.6388,0.1103,9.0649
2014-06-10,0.1498,6.6765,0.1102,9.0777
2014-06-11,0.1494,6.6921,0.1104,9.0606
2014-06-12,0.1495,6.6903,0.1104,9.0553
2014-06-13,0.15,6.6658,0.1106,9.0438
2014-06-16,0.15,6.667,0.111,9.0125
2014-06-17,0.1506,6.6396,0.1111,9.0034
2014-06-18,0.1506,6.6388,0.1112,8.995
2014-06-19,0.1509,6.6272,0.1108,9.0242
2014-06-23,0.1489,6.7176,0.1095,9.1346
2014-06-24,0.1492,6.7026,0.1097,9.1191
2014-06-25,0.1485,6.7322,0.1091,9.1646
2014-06-26,0.1486,6.7317,0.109,9.1754
2014-06-27,0.1482,6.7459,0.1088,9.1889
2014-06-30,0.1484,6.7406,0.1087,9.1965
2014-07-01,0.1496,6.6833,0.1093,9.1478
2014-07-02,0.1493,6.698,0.1092,9.1571
2014-07-03,0.1481,6.7542,0.1084,9.2256
2014-07-04,0.1461,6.8446,0.1074,9.3084
2014-07-07,0.1458,6.8573,0.1073,9.3156
2014-07-08,0.1463,6.8353,0.1076,9.2926
2014-07-09,0.1466,6.8219,0.1077,9.2882
2014-07-10,0.1476,6.7752,0.1082,9.2395
2014-07-11,0.1474,6.7851,0.1083,9.235
2014-07-14,0.1473,6.7889,0.1081,9.2507
2014-07-15,0.1471,6.7967,0.1081,9.2539
2014-07-16,0.1464,6.8299,0.108,9.2583
2014-07-17,0.1466,6.8217,0.1083,9.2308
2014-07-18,0.1464,6.8314,0.1083,9.2367
2014-07-21,0.1462,6.8387,0.1081,9.2518
2014-07-22,0.1459,6.8532,0.108,9.2612
2014-07-23,0.146,6.8494,0.1085,9.2185
2014-07-24,0.146,6.8491,0.1084,9.2209
2014-07-25,0.1465,6.8263,0.1088,9.189
2014-07-28,0.1467,6.8183,0.1092,9.1573
2014-07-29,0.1462,6.841,0.1088,9.1887
2014-07-30,0.1454,6.8772,0.1085,9.218
2014-07-31,0.1451,6.8924,0.1084,9.2284
2014-08-01,0.1452,6.8884,0.1085,9.2179
2014-08-04,0.1455,6.8719,0.1084,9.2232
2014-08-05,0.1455,6.8714,0.1085,9.2182
2014-08-06,0.1449,6.9006,0.1084,9.2262
2014-08-07,0.1447,6.9085,0.1082,9.2391
2014-08-08,0.1446,6.9152,0.1081,9.2549
2014-08-11,0.145,6.8956,0.1083,9.2359
2014-08-12,0.1453,6.8807,0.1087,9.1978
2014-08-13,0.1452,6.8863,0.1088,9.1935
2014-08-14,0.1454,6.878,0.1088,9.1917
2014-08-15,0.1459,6.8552,0.1091,9.1675
2014-08-18,0.146,6.8491,0.1091,9.168
2014-08-19,0.1457,6.8614,0.1092,9.1584
2014-08-20,0.1451,6.8899,0.1091,9.1643
2014-08-21,0.1449,6.9009,0.109,9.1723
2014-08-22,0.145,6.8951,0.1092,9.1568
2014-08-25,0.1442,6.9359,0.1093,9.1485
2014-08-26,0.1443,6.9321,0.1093,9.1532
2014-08-27,0.144,6.9433,0.1092,9.1543
2014-08-28,0.1439,6.947,0.109,9.1744
2014-08-29,0.1434,6.9727,0.1089,9.1829
2014-09-01,0.1427,7.01,0.1086,9.2052
2014-09-02,0.1428,7.0041,0.1088,9.1944
2014-09-03,0.1427,7.0083,0.1086,9.2044
2014-09-04,0.1426,7.0132,0.1085,9.213
2014-09-05,0.1413,7.0779,0.1092,9.1552
2014-09-08,0.1409,7.0951,0.1089,9.1837
2014-09-09,0.1405,7.1191,0.1091,9.164
2014-09-10,0.1405,7.1183,0.1087,9.203
2014-09-11,0.1407,7.1093,0.1089,9.1808
2014-09-12,0.1401,7.1401,0.1084,9.2254
2014-09-15,0.1397,7.1557,0.1081,9.2549
2014-09-16,0.1402,7.1342,0.1084,9.2285
2014-09-17,0.1405,7.1196,0.1084,9.2231
2014-09-18,0.1398,7.1513,0.1086,9.2088
2014-09-19,0.1405,7.1151,0.109,9.1774
2014-09-22,0.1402,7.1344,0.109,9.1742
2014-09-23,0.14,7.1429,0.1089,9.1828
2014-09-24,0.14,7.1448,0.1089,9.1855
2014-09-25,0.1387,7.2091,0.1089,9.1809
2014-09-26,0.1387,7.2115,0.1088,9.1924
2014-09-29,0.1379,7.2542,0.1086,9.2057
2014-09-30,0.1382,7.2383,0.1089,9.1815
2014-10-01,0.1388,7.2063,0.11,9.0899
2014-10-02,0.1386,7.2148,0.1098,9.1046
2014-10-03,0.1389,7.1997,0.1098,9.1068
2014-10-06,0.138,7.2461,0.1101,9.0823
2014-10-07,0.1394,7.1752,0.1101,9.0791
2014-10-08,0.1386,7.216,0.1096,9.1203
2014-10-09,0.1398,7.1547,0.1096,9.1269
2014-10-10,0.1385,7.2226,0.1092,9.1585
2014-10-13,0.1385,7.2192,0.1095,9.1349
2014-10-14,0.1395,7.1699,0.1099,9.1025
2014-10-15,0.1376,7.2696,0.1088,9.19
2014-10-16,0.1392,7.1849,0.1089,9.1863
2014-10-17,0.1395,7.1698,0.1091,9.1684
2014-10-20,0.1389,7.2012,0.1089,9.1817
2014-10-21,0.1394,7.1737,0.1087,9.2012
2014-10-22,0.1381,7.2429,0.1086,9.2112
2014-10-23,0.1374,7.2793,0.1087,9.196
2014-10-24,0.1375,7.2708,0.1088,9.1906
2014-10-27,0.138,7.2475,0.1087,9.1989
2014-10-28,0.137,7.2984,0.1078,9.2801
2014-10-29,0.1362,7.343,0.107,9.3492
2014-10-30,0.1352,7.3971,0.1076,9.2945
2014-10-31,0.136,7.3503,0.1083,9.2364
2014-11-03,0.1352,7.3947,0.1083,9.2366
2014-11-04,0.1348,7.4168,0.1078,9.2764
2014-11-05,0.1349,7.4109,0.1078,9.2746
2014-11-06,0.1356,7.3752,0.1084,9.2221
2014-11-07,0.1346,7.4287,0.1086,9.2067
2014-11-10,0.1353,7.3918,0.1085,9.2175
2014-11-11,0.1347,7.4266,0.1086,9.2122
2014-11-12,0.1352,7.3943,0.1085,9.2196
2014-11-13,0.1349,7.4114,0.1083,9.2338
2014-11-14,0.1347,7.425,0.1081,9.2522
2014-11-17,0.1351,7.4004,0.1079,9.2653
2014-11-18,0.135,7.4067,0.1081,9.248
2014-11-19,0.1354,7.3845,0.108,9.2613
2014-11-20,0.1352,7.3951,0.1077,9.2827
2014-11-21,0.1352,7.3986,0.1078,9.2754
2014-11-24,0.1339,7.4671,0.108,9.2555
2014-11-25,0.1341,7.4551,0.1079,9.2681
2014-11-26,0.1346,7.4287,0.1079,9.2697
2014-11-27,0.135,7.4067,0.1081,9.2516
2014-11-28,0.1342,7.4511,0.1079,9.2693
2014-12-01,0.1341,7.4572,0.1078,9.2729
2014-12-02,0.1343,7.4455,0.1079,9.2654
2014-12-03,0.1332,7.5094,0.1078,9.274
2014-12-04,0.133,7.52,0.108,9.2623
2014-12-05,0.1332,7.5103,0.1076,9.2924
2014-12-08,0.1319,7.5796,0.1077,9.2876
2014-12-09,0.1329,7.5231,0.1076,9.2952
2014-12-10,0.1327,7.5347,0.1073,9.3182
2014-12-11,0.1331,7.5129,0.1068,9.3629
2014-12-12,0.1325,7.5476,0.1067,9.3733
2014-12-15,0.1323,7.5611,0.1063,9.404
2014-12-16,0.1313,7.6183,0.1053,9.5
2014-12-17,0.1308,7.6429,0.105,9.5263
2014-12-18,0.1304,7.6664,0.1059,9.4443
2014-12-19,0.1295,7.7197,0.1055,9.4773
2014-12-22,0.1293,7.7343,0.1055,9.4809
2014-12-23,0.1285,7.7806,0.105,9.5199
2014-12-29,0.1282,7.8025,0.1052,9.5057
2014-12-30,0.128,7.8117,0.1051,9.5155
2015-01-02,0.1278,7.8239,0.106,9.4323
2015-01-05,0.1261,7.9302,0.1054,9.4905
2015-01-07,0.1261,7.9333,0.1062,9.4197
2015-01-08,0.1256,7.9616,0.1063,9.407
2015-01-09,0.1244,8.0367,0.1054,9.49
2015-01-12,0.1239,8.0682,0.1048,9.54
2015-01-13,0.1244,8.0377,0.1051,9.5127
2015-01-14,0.1238,8.0808,0.1049,9.5334
2015-01-15,0.1238,8.0782,0.1052,9.5072
2015-01-16,0.1234,8.1053,0.106,9.4336
2015-01-19,0.1233,8.1127,0.1065,9.3862
2015-01-20,0.123,8.1277,0.1062,9.4161
2015-01-21,0.1225,8.1631,0.1059,9.441
2015-01-22,0.1227,8.1487,0.1057,9.4631
2015-01-23,0.121,8.2678,0.1066,9.3768
2015-01-26,0.1204,8.3051,0.1072,9.3266
2015-01-27,0.1208,8.2773,0.107,9.3419
2015-01-28,0.1221,8.1915,0.1076,9.2948
2015-01-29,0.1208,8.276,0.1071,9.334
2015-01-30,0.121,8.266,0.1066,9.3773
2015-02-02,0.1212,8.2488,0.107,9.3468
2015-02-03,0.1206,8.2899,0.1065,9.3937
2015-02-04,0.1212,8.2483,0.1059,9.4439
2015-02-05,0.121,8.263,0.1065,9.3923
2015-02-06,0.1211,8.2556,0.1058,9.4511
2015-02-09,0.1194,8.3723,0.1052,9.5052
2015-02-10,0.1196,8.3607,0.1056,9.4667
2015-02-11,0.1199,8.3415,0.106,9.4377
2015-02-12,0.119,8.4016,0.1049,9.5285
2015-02-13,0.1187,8.4242,0.1039,9.6286
2015-02-16,0.119,8.4013,0.1042,9.5932
2015-02-17,0.119,8.4062,0.1048,9.5378
2015-02-18,0.1198,8.3466,0.1052,9.5044
2015-02-19,0.1199,8.3436,0.1048,9.5442
2015-02-20,0.1187,8.426,0.1047,9.5509
2015-02-23,0.1189,8.4083,0.1049,9.5362
2015-02-24,0.1188,8.4153,0.105,9.5221
2015-02-25,0.1192,8.3919,0.1049,9.5358
2015-02-26,0.1206,8.2936,0.1061,9.4222
2015-02-27,0.1195,8.3692,0.1066,9.3834
2015-03-02,0.1199,8.3432,0.1071,9.3371
2015-03-03,0.1202,8.3182,0.1074,9.3099
2015-03-04,0.1208,8.2748,0.1083,9.2319
2015-03-05,0.1197,8.3547,0.1084,9.2273
2015-03-06,0.1198,8.3464,0.1088,9.1932
2015-03-09,0.1183,8.4558,0.1086,9.2074
2015-03-10,0.1175,8.5135,0.1089,9.1789
2015-03-11,0.1166,8.5751,0.1095,9.1356
2015-03-12,0.117,8.5455,0.1102,9.0732
2015-03-13,0.1161,8.6123,0.1094,9.1406
2015-03-16,0.115,8.6965,0.1092,9.1601
2015-03-17,0.1156,8.6485,0.1091,9.1639
2015-03-18,0.1154,8.6666,0.1088,9.1897
2015-03-19,0.1147,8.7185,0.1077,9.2847
2015-03-20,0.1153,8.6706,0.108,9.2556
2015-03-23,0.1157,8.6404,0.1074,9.3115
2015-03-24,0.1178,8.488,0.1073,9.3168
2015-03-25,0.1179,8.4832,0.1075,9.2982
2015-03-26,0.1185,8.4398,0.1073,9.3183
2015-03-27,0.116,8.6233,0.1072,9.3283
2015-03-30,0.116,8.6223,0.107,9.3437
2015-03-31,0.116,8.6232,0.1077,9.2869
2015-04-01,0.1159,8.6279,0.1078,9.2745
2015-04-02,0.116,8.6181,0.1072,9.3316
2015-04-07,0.117,8.5501,0.1069,9.352
2015-04-08,0.1157,8.6414,0.1065,9.3888
2015-04-09,0.1151,8.6889,0.107,9.3439
2015-04-10,0.1141,8.7676,0.1073,9.3213
2015-04-13,0.1133,8.8288,0.1068,9.3654
2015-04-14,0.1131,8.839,0.1072,9.3305
2015-04-15,0.1137,8.794,0.1071,9.3367
2015-04-16,0.1149,8.7042,0.1079,9.2718
2015-04-17,0.1167,8.5726,0.1081,9.2506
2015-04-20,0.1157,8.641,0.1074,9.3152
2015-04-21,0.1147,8.7187,0.1076,9.2973
2015-04-22,0.1158,8.6382,0.1076,9.291
2015-04-23,0.1143,8.7482,0.1071,9.3414
2015-04-24,0.1163,8.6002,0.1068,9.3619
2015-04-27,0.116,8.624,0.1067,9.3756
2015-04-28,0.1161,8.6161,0.1066,9.3798
2015-04-29,0.1176,8.5044,0.107,9.3427
2015-04-30,0.1202,8.3179,0.1079,9.2669
2015-05-04,0.1192,8.3869,0.1068,9.364
2015-05-05,0.1192,8.3908,0.1074,9.3097
2015-05-06,0.1204,8.308,0.107,9.3476
2015-05-07,0.1219,8.2031,0.1072,9.3269
2015-05-08,0.121,8.2673,0.1079,9.2721
2015-05-11,0.1209,8.2698,0.1083,9.2377
2015-05-12,0.121,8.2656,0.1078,9.2746
2015-05-13,0.1207,8.2855,0.1073,9.3211
2015-05-15,0.1214,8.2394,0.1066,9.3825
2015-05-18,0.1216,8.2264,0.1067,9.3731
2015-05-19,0.1205,8.2992,0.1077,9.2885
2015-05-20,0.1192,8.3882,0.1076,9.296
2015-05-21,0.1199,8.3397,0.1078,9.2763
2015-05-22,0.1208,8.2787,0.1082,9.2385
2015-05-25,0.119,8.4005,0.1083,9.2294
2015-05-26,0.1182,8.4582,0.1084,9.2263
2015-05-27,0.1182,8.4567,0.1083,9.2295
2015-05-28,0.1178,8.4917,0.1078,9.2759
2015-05-29,0.1179,8.4785,0.1078,9.2804
2015-06-01,0.1166,8.5743,0.1068,9.3617
2015-06-02,0.1169,8.5523,0.1065,9.3873
2015-06-03,0.1189,8.4118,0.1067,9.3722
2015-06-04,0.12,8.3356,0.1068,9.3673
2015-06-05,0.1207,8.2873,0.1073,9.3198
2015-06-08,0.1194,8.3747,0.107,9.346
2015-06-09,0.1204,8.3027,0.1068,9.3633
2015-06-10,0.1215,8.23,0.107,9.3498
2015-06-11,0.1212,8.2526,0.1074,9.3109
2015-06-12,0.1215,8.2318,0.1081,9.2497
2015-06-15,0.1217,8.2153,0.1084,9.2274
2015-06-16,0.1226,8.1547,0.1084,9.224
2015-06-17,0.1223,8.1767,0.1086,9.2122
2015-06-18,0.1237,8.0842,0.1089,9.1827
2015-06-22,0.1233,8.1114,0.1084,9.2217
2015-06-23,0.1224,8.171,0.1086,9.212
2015-06-24,0.1212,8.2536,0.1082,9.2424
2015-06-25,0.1214,8.2358,0.1083,9.2311
2015-06-26,0.1212,8.254,0.1081,9.2466
2015-06-29,0.1198,8.3459,0.1081,9.2533
2015-06-30,0.1214,8.2389,0.1085,9.2173
2015-07-01,0.1204,8.3027,0.1084,9.2244
2015-07-02,0.1189,8.413,0.1075,9.3021
2015-07-03,0.1186,8.4292,0.1068,9.3658
2015-07-06,0.118,8.4731,0.1067,9.3711
2015-07-07,0.1177,8.4929,0.1068,9.3594
2015-07-08,0.1175,8.5104,0.1067,9.3748
2015-07-09,0.118,8.4773,0.1066,9.3786
2015-07-10,0.1183,8.4523,0.1064,9.3991
2015-07-13,0.1189,8.41,0.1065,9.3867
2015-07-14,0.1175,8.513,0.1069,9.3524
2015-07-15,0.1173,8.5264,0.1065,9.3877
2015-07-16,0.1173,8.5255,0.1073,9.3181
2015-07-17,0.117,8.5447,0.1074,9.3147
2015-07-20,0.1157,8.6441,0.1066,9.3799
2015-07-21,0.1158,8.6338,0.107,9.3493
2015-07-22,0.1169,8.5577,0.1069,9.3569
2015-07-23,0.1166,8.5733,0.1063,9.4063
2015-07-24,0.1164,8.5929,0.1063,9.4104
2015-07-27,0.1171,8.5364,0.1058,9.4517
2015-07-28,0.1172,8.5348,0.1059,9.4441
2015-07-29,0.1162,8.6025,0.1053,9.4923
2015-07-30,0.1156,8.6489,0.1055,9.4755
2015-07-31,0.1159,8.6294,0.106,9.4338
2015-08-03,0.116,8.6193,0.1057,9.4641
2015-08-04,0.1156,8.6513,0.1054,9.4901
2015-08-05,0.1146,8.7241,0.1055,9.4765
2015-08-06,0.1148,8.7133,0.1053,9.5004
2015-08-07,0.1144,8.7402,0.1046,9.5605
2015-08-10,0.1141,8.7629,0.104,9.6169
2015-08-11,0.1148,8.7084,0.1042,9.5984
2015-08-12,0.116,8.6234,0.1045,9.5687
2015-08-13,0.1166,8.5771,0.1048,9.5394
2015-08-14,0.118,8.473,0.1059,9.4449
2015-08-17,0.1172,8.5327,0.1059,9.447
2015-08-18,0.1171,8.5372,0.1058,9.4484
2015-08-19,0.1173,8.5223,0.106,9.4304
2015-08-20,0.1173,8.523,0.1055,9.4821
2015-08-21,0.118,8.4746,0.1048,9.5406
2015-08-24,0.1204,8.3085,0.1049,9.531
2015-08-25,0.1207,8.2832,0.1046,9.5627
2015-08-26,0.1193,8.3819,0.1037,9.6418
2015-08-27,0.1183,8.4507,0.1045,9.5723
2015-08-28,0.1185,8.4376,0.105,9.5231
2015-08-31,0.1182,8.4599,0.1054,9.4917
2015-09-01,0.1186,8.4349,0.1049,9.5338
2015-09-02,0.1182,8.4607,0.105,9.5206
2015-09-03,0.1189,8.4093,0.1059,9.4416
2015-09-04,0.1187,8.4274,0.1065,9.3874
2015-09-07,0.1183,8.4549,0.1061,9.4273
2015-09-08,0.1184,8.4443,0.1059,9.4408
2015-09-09,0.1188,8.4196,0.1063,9.4108
2015-09-10,0.1191,8.3987,0.1064,9.401
2015-09-11,0.1203,8.3142,0.1064,9.4009
2015-09-14,0.1214,8.2351,0.107,9.3436
2015-09-15,0.1212,8.2521,0.1072,9.3248
2015-09-16,0.1205,8.2967,0.1071,9.3379
2015-09-17,0.121,8.2653,0.107,9.345
2015-09-18,0.1222,8.181,0.107,9.3447
2015-09-21,0.1212,8.2519,0.1071,9.3345
2015-09-22,0.1198,8.3449,0.1072,9.3307
2015-09-23,0.119,8.3999,0.1069,9.3566
2015-09-24,0.1191,8.3969,0.1062,9.4149
2015-09-25,0.1187,8.4217,0.1066,9.3841
2015-09-28,0.1184,8.4447,0.106,9.437
2015-09-29,0.1185,8.437,0.1053,9.4924
2015-09-30,0.1192,8.3882,0.1062,9.4119
2015-10-01,0.1193,8.3844,0.1069,9.3509
2015-10-02,0.1191,8.395,0.1067,9.3739
2015-10-05,0.1202,8.3175,0.1069,9.3583
2015-10-06,0.1202,8.3228,0.1072,9.3282
2015-10-07,0.1211,8.2596,0.1078,9.2807
2015-10-08,0.1217,8.2186,0.1077,9.288
2015-10-09,0.1217,8.2194,0.1076,9.298
2015-10-12,0.1222,8.1857,0.1074,9.3072
2015-10-13,0.123,8.1333,0.1079,9.2665
2015-10-14,0.1232,8.1164,0.1079,9.2698
2015-10-15,0.1232,8.1152,0.1076,9.2907
2015-10-16,0.1214,8.2383,0.1068,9.367
2015-10-19,0.1213,8.2467,0.1068,9.3595
2015-10-20,0.1208,8.2775,0.1065,9.3907
2015-10-21,0.1204,8.3026,0.106,9.4316
2015-10-22,0.1201,8.3285,0.1061,9.4237
2015-10-23,0.118,8.4725,0.1063,9.4062
2015-10-26,0.1179,8.4841,0.1067,9.3742
2015-10-27,0.1176,8.5064,0.1063,9.4031
2015-10-28,0.1175,8.5079,0.1065,9.3936
2015-10-29,0.1171,8.5365,0.1072,9.332
2015-10-30,0.1174,8.5181,0.1067,9.3684
2015-11-02,0.1174,8.5162,0.1065,9.3874
2015-11-03,0.1173,8.5267,0.1065,9.3885
2015-11-04,0.1168,8.5646,0.1068,9.3604
2015-11-05,0.116,8.6201,0.1067,9.3702
2015-11-06,0.1157,8.6407,0.1064,9.4007
2015-11-09,0.1149,8.7009,0.1067,9.3716
2015-11-10,0.1151,8.6871,0.1071,9.3409
2015-11-11,0.1154,8.6656,0.1074,9.3143
2015-11-12,0.1151,8.6859,0.1073,9.3186
2015-11-13,0.1155,8.6611,0.1072,9.3264
2015-11-16,0.1151,8.6894,0.1072,9.3319
2015-11-17,0.1145,8.7345,0.1075,9.3013
2015-11-18,0.1145,8.7315,0.1074,9.3137
2015-11-19,0.1149,8.7064,0.1076,9.291
2015-11-20,0.1148,8.7117,0.1076,9.2972
2015-11-23,0.1147,8.7189,0.1078,9.2722
2015-11-24,0.1146,8.7234,0.1077,9.2867
2015-11-25,0.1149,8.7061,0.1076,9.2929
2015-11-26,0.1144,8.7395,0.1079,9.2705
2015-11-27,0.1145,8.7306,0.1079,9.2688
2015-11-30,0.1145,8.7305,0.1082,9.245
2015-12-01,0.115,8.6938,0.1086,9.2045
2015-12-02,0.115,8.6938,0.1083,9.2363
2015-12-03,0.1149,8.7025,0.1087,9.2035
2015-12-04,0.1174,8.5183,0.1079,9.2641
2015-12-07,0.1175,8.5118,0.1084,9.2222
2015-12-08,0.1174,8.5144,0.108,9.2578
2015-12-09,0.118,8.4762,0.108,9.2573
2015-12-10,0.1187,8.4279,0.1081,9.2538
2015-12-11,0.1177,8.4979,0.1074,9.3129
2015-12-14,0.1175,8.512,0.1072,9.3286
2015-12-15,0.1185,8.442,0.1074,9.3109
2015-12-16,0.1178,8.4921,0.1077,9.2875
2015-12-17,0.1172,8.536,0.1079,9.2718
2015-12-18,0.117,8.5499,0.108,9.2576
2015-12-21,0.1168,8.5592,0.1075,9.2995
2015-12-22,0.1177,8.4926,0.1079,9.2712
2015-12-23,0.1183,8.4513,0.1084,9.2275
2015-12-28,0.1191,8.394,0.1086,9.212
2015-12-29,0.1198,8.3459,0.1091,9.1667
2015-12-30,0.1197,8.3524,0.1095,9.135
2016-01-04,0.1189,8.4089,0.1087,9.1984
2016-01-05,0.1175,8.5117,0.1087,9.1981
2016-01-07,0.1165,8.5854,0.1081,9.251
2016-01-08,0.1177,8.4973,0.1082,9.2424
2016-01-11,0.1174,8.5146,0.1079,9.2676
2016-01-12,0.1174,8.5207,0.1078,9.2724
2016-01-13,0.1171,8.5406,0.1082,9.2459
2016-01-14,0.1174,8.5215,0.1079,9.2718
2016-01-15,0.1171,8.5424,0.1075,9.3051
2016-01-18,0.1163,8.6021,0.1069,9.3587
2016-01-19,0.1168,8.5628,0.1074,9.3124
2016-01-20,0.1172,8.5321,0.1069,9.3587
2016-01-21,0.1166,8.5776,0.107,9.3473
2016-01-22,0.1166,8.5776,0.1076,9.2949
2016-01-25,0.1167,8.5713,0.1077,9.2813
2016-01-26,0.1167,8.5683,0.1075,9.3031
2016-01-27,0.1172,8.5354,0.1079,9.2687
2016-01-28,0.1175,8.5132,0.1079,9.2701
2016-01-29,0.1174,8.5166,0.1078,9.2806
2016-02-01,0.1168,8.5651,0.1076,9.2923
2016-02-02,0.1172,8.5321,0.1074,9.308
2016-02-03,0.1168,8.5643,0.107,9.3484
2016-02-04,0.1186,8.4325,0.1066,9.3834
2016-02-05,0.1191,8.3965,0.1064,9.3945
2016-02-08,0.1184,8.4485,0.1061,9.4246
2016-02-09,0.1181,8.4658,0.1055,9.4782
2016-02-10,0.1188,8.4173,0.1053,9.493
2016-02-11,0.1189,8.4136,0.105,9.5223
2016-02-12,0.1191,8.3948,0.1057,9.4635
2016-02-15,0.1185,8.4393,0.1058,9.4507
2016-02-16,0.118,8.4722,0.1057,9.4603
2016-02-17,0.118,8.4725,0.1057,9.4597
2016-02-18,0.1178,8.486,0.1058,9.4484
2016-02-19,0.1184,8.449,0.1065,9.3908
2016-02-22,0.1182,8.4623,0.1066,9.3817
2016-02-23,0.1179,8.4806,0.1068,9.3632
2016-02-24,0.1177,8.497,0.1069,9.3527
2016-02-25,0.1178,8.4865,0.1069,9.3508
2016-02-26,0.1177,8.4968,0.1067,9.3685
2016-02-29,0.1171,8.5376,0.1071,9.3342
2016-03-01,0.1164,8.5935,0.1071,9.3363
2016-03-02,0.1161,8.6108,0.1068,9.3609
2016-03-03,0.1161,8.612,0.1068,9.3608
2016-03-04,0.1171,8.5405,0.1071,9.3397
2016-03-07,0.1175,8.5134,0.1072,9.3258
2016-03-08,0.118,8.4755,0.107,9.345
2016-03-09,0.1179,8.4842,0.1075,9.3041
2016-03-10,0.1182,8.4633,0.1077,9.2871
2016-03-11,0.1194,8.3758,0.1074,9.3117
2016-03-14,0.1196,8.3603,0.1076,9.2938
2016-03-15,0.1198,8.3461,0.1079,9.2704
2016-03-16,0.1199,8.3413,0.1082,9.2438
2016-03-17,0.1224,8.1695,0.1085,9.213
2016-03-18,0.1218,8.209,0.1079,9.2641
2016-03-21,0.1214,8.2374,0.108,9.2625
2016-03-22,0.1209,8.2681,0.1079,9.2656
2016-03-23,0.1212,8.2535,0.1083,9.2372
2016-03-24,0.1207,8.2883,0.1081,9.2467
2016-03-29,0.1206,8.294,0.1079,9.2704
2016-03-30,0.1225,8.1649,0.1082,9.2456
2016-03-31,0.1227,8.1472,0.1083,9.2323
2016-04-01,0.1231,8.126,0.1081,9.2523
2016-04-04,0.123,8.1284,0.1081,9.2533
2016-04-05,0.1228,8.1453,0.1081,9.2502
2016-04-06,0.1227,8.1469,0.1081,9.2501
2016-04-07,0.1229,8.1382,0.1076,9.2901
2016-04-08,0.1225,8.1634,0.1079,9.2708
2016-04-11,0.1229,8.1374,0.1077,9.2822
2016-04-12,0.1237,8.0841,0.1083,9.2378
2016-04-13,0.1236,8.0928,0.1089,9.1851
2016-04-14,0.1223,8.1796,0.1088,9.1952
2016-04-15,0.1227,8.1513,0.109,9.1732
2016-04-18,0.123,8.1289,0.1089,9.1856
2016-04-19,0.1235,8.1,0.1089,9.1803
2016-04-20,0.1237,8.0826,0.1089,9.179
2016-04-21,0.1234,8.1006,0.1092,9.1559
2016-04-22,0.1227,8.1472,0.1088,9.1895
2016-04-25,0.1228,8.1411,0.1092,9.1594
2016-04-26,0.1229,8.1388,0.109,9.1705
2016-04-27,0.1234,8.1054,0.1089,9.1799
2016-04-28,0.1242,8.0515,0.1093,9.1467
2016-04-29,0.1244,8.0393,0.1091,9.1651
2016-05-02,0.1247,8.0197,0.1088,9.1884
2016-05-03,0.1263,7.9202,0.1091,9.1698
2016-05-04,0.1243,8.0471,0.1081,9.2479
2016-05-06,0.1233,8.1073,0.1081,9.2536
2016-05-09,0.1228,8.1432,0.1077,9.2818
2016-05-10,0.1228,8.1429,0.1078,9.2801
2016-05-11,0.1228,8.1426,0.1078,9.2777
2016-05-12,0.1226,8.1545,0.1075,9.301
2016-05-13,0.1216,8.222,0.1073,9.3195
2016-05-16,0.1215,8.2325,0.1073,9.3199
2016-05-17,0.1214,8.2364,0.1071,9.3329
2016-05-18,0.1206,8.2887,0.1071,9.3363
2016-05-19,0.1197,8.3509,0.1068,9.3652
2016-05-20,0.12,8.3331,0.107,9.3496
2016-05-23,0.1203,8.3152,0.1071,9.3407
2016-05-24,0.1196,8.3581,0.1069,9.3579
2016-05-25,0.1202,8.3178,0.1079,9.2707
2016-05-26,0.1204,8.3033,0.1078,9.2737
2016-05-27,0.1207,8.2882,0.1079,9.2686
2016-05-30,0.1198,8.3458,0.1078,9.2783
2016-05-31,0.12,8.3329,0.1078,9.2732
2016-06-01,0.12,8.3322,0.1078,9.2767
2016-06-02,0.1207,8.2831,0.1077,9.2892
2016-06-03,0.1202,8.3169,0.1078,9.2773
2016-06-07,0.1232,8.1198,0.1084,9.2288
2016-06-08,0.1233,8.1126,0.1084,9.2288
2016-06-09,0.1233,8.1123,0.1082,9.2428
2016-06-10,0.122,8.1949,0.1078,9.2751
2016-06-13,0.1206,8.2943,0.1071,9.3379
2016-06-14,0.1206,8.2908,0.1072,9.3318
2016-06-15,0.1203,8.3104,0.1073,9.3183
2016-06-16,0.1201,8.3296,0.1065,9.386
2016-06-17,0.12,8.3302,0.1067,9.373
2016-06-20,0.1214,8.2362,0.107,9.3496
2016-06-21,0.1215,8.2315,0.1071,9.3384
2016-06-22,0.1209,8.2744,0.1072,9.3265
2016-06-23,0.1216,8.2239,0.1073,9.3233
2016-06-27,0.1176,8.5019,0.1064,9.3953
2016-06-28,0.1175,8.5096,0.1062,9.4137
2016-06-29,0.1177,8.4929,0.1061,9.423
2016-06-30,0.1179,8.4813,0.1062,9.4164
2016-07-01,0.1181,8.4706,0.1064,9.3951
2016-07-04,0.1184,8.4444,0.1064,9.3985
2016-07-05,0.1188,8.4209,0.1064,9.4028
2016-07-06,0.1172,8.5296,0.1059,9.4392
2016-07-07,0.1169,8.5555,0.1055,9.4746
2016-07-08,0.1167,8.5688,0.1053,9.4923
2016-07-11,0.1163,8.5951,0.1055,9.4747
2016-07-12,0.1174,8.5215,0.1056,9.4705
2016-07-13,0.1167,8.5661,0.1057,9.4639
2016-07-14,0.1178,8.4888,0.1062,9.419
2016-07-15,0.1177,8.4947,0.1057,9.4578
2016-07-18,0.1169,8.5522,0.1058,9.4532
2016-07-19,0.1168,8.5603,0.1055,9.4755
2016-07-20,0.1158,8.6331,0.1054,9.4883
2016-07-21,0.1164,8.5912,0.1056,9.4727
2016-07-22,0.1161,8.6116,0.1054,9.492
2016-07-25,0.1154,8.6656,0.1052,9.5023
2016-07-26,0.1157,8.6396,0.1052,9.5072
2016-07-27,0.1155,8.6593,0.105,9.5235
2016-07-28,0.1165,8.5859,0.1048,9.5388
2016-07-29,0.116,8.6173,0.1046,9.5594
2016-08-01,0.1169,8.5556,0.1047,9.5547
2016-08-02,0.1168,8.5627,0.1043,9.5907
2016-08-03,0.1174,8.5187,0.1047,9.5494
2016-08-04,0.1169,8.5543,0.105,9.5273
2016-08-05,0.1173,8.5247,0.1053,9.4927
2016-08-08,0.1166,8.5777,0.1052,9.5098
2016-08-09,0.1165,8.5851,0.1052,9.5064
2016-08-10,0.1175,8.5134,0.1054,9.4911
2016-08-11,0.1182,8.4591,0.106,9.432
2016-08-12,0.1183,8.4545,0.1061,9.4289
2016-08-15,0.1181,8.4659,0.1057,9.4571
2016-08-16,0.1186,8.4289,0.1055,9.4761
2016-08-17,0.1188,8.4142,0.1055,9.4792
2016-08-18,0.1194,8.3771,0.1055,9.4817
2016-08-19,0.1195,8.3707,0.1054,9.4843
2016-08-22,0.1188,8.4168,0.1053,9.4939
2016-08-23,0.1198,8.3492,0.1055,9.4758
2016-08-24,0.1193,8.3834,0.1056,9.4663
2016-08-25,0.119,8.404,0.1056,9.4709
2016-08-26,0.1191,8.3993,0.1054,9.486
2016-08-29,0.1178,8.4866,0.1053,9.4934
2016-08-30,0.1177,8.4979,0.1054,9.4869
2016-08-31,0.1171,8.5422,0.1051,9.5136
2016-09-01,0.1164,8.5931,0.1045,9.5695
2016-09-02,0.1168,8.5614,0.1043,9.5856
2016-09-05,0.1169,8.5567,0.1046,9.5602
2016-09-06,0.1171,8.5393,0.1049,9.5354
2016-09-07,0.1182,8.4636,0.1051,9.5178
2016-09-08,0.1187,8.4258,0.1054,9.4888
2016-09-09,0.1184,8.4439,0.105,9.5198
2016-09-12,0.1178,8.4896,0.1047,9.5549
2016-09-13,0.1176,8.5045,0.1048,9.543
2016-09-14,0.1175,8.5104,0.1047,9.5523
2016-09-15,0.1173,8.5232,0.1045,9.5665
2016-09-16,0.1178,8.4887,0.1048,9.5386
2016-09-19,0.1167,8.5677,0.1046,9.5627
2016-09-20,0.117,8.5451,0.1045,9.5717
2016-09-21,0.1162,8.6031,0.1043,9.5894
2016-09-22,0.1173,8.5256,0.1044,9.5775
2016-09-23,0.1171,8.5381,0.1045,9.5735
2016-09-26,0.117,8.5485,0.1041,9.6034
2016-09-27,0.1173,8.5239,0.1043,9.5895
2016-09-28,0.1164,8.5941,0.104,9.6137
2016-09-29,0.1167,8.5694,0.104,9.6185
2016-09-30,0.116,8.6187,0.1038,9.632
2016-10-03,0.1167,8.5679,0.104,9.6195
2016-10-04,0.1163,8.5955,0.1042,9.5991
2016-10-05,0.1167,8.57,0.104,9.6151
2016-10-06,0.1162,8.604,0.1039,9.6255
2016-10-07,0.1154,8.6639,0.1039,9.6237
2016-10-10,0.1154,8.6644,0.1033,9.6821
2016-10-11,0.1148,8.7134,0.1033,9.6805
2016-10-12,0.1133,8.8241,0.1027,9.7405
2016-10-13,0.1128,8.8646,0.1025,9.757
2016-10-14,0.1135,8.8138,0.1031,9.7036
2016-10-17,0.1133,8.828,0.1031,9.6982
2016-10-18,0.1136,8.8019,0.1032,9.6916
2016-10-19,0.1133,8.8243,0.1031,9.6959
2016-10-20,0.1132,8.8327,0.1032,9.6902
2016-10-21,0.1124,8.9006,0.1031,9.6971
2016-10-24,0.1122,8.9096,0.1032,9.6918
2016-10-25,0.1121,8.9197,0.1031,9.7009
2016-10-26,0.1121,8.9184,0.1028,9.7317
2016-10-27,0.1124,8.8987,0.103,9.709
2016-10-28,0.1107,9.037,0.1013,9.8694
2016-10-31,0.1111,8.9976,0.1014,9.8614
2016-11-01,0.1112,8.9914,0.1012,9.8795
2016-11-02,0.112,8.9325,0.1009,9.9103
2016-11-03,0.1123,8.902,0.1011,9.8882
2016-11-04,0.1117,8.9524,0.1006,9.9405
2016-11-07,0.1111,9.0048,0.1004,9.9591
2016-11-08,0.111,9.0076,0.1004,9.9615
2016-11-09,0.1114,8.9788,0.1002,9.9826
2016-11-10,0.1106,9.0448,0.1012,9.8819
2016-11-11,0.1101,9.0848,0.1011,9.8953
2016-11-14,0.1094,9.1403,0.1017,9.831
2016-11-15,0.1099,9.0974,0.1018,9.8229
2016-11-16,0.1089,9.1814,0.1016,9.8386
2016-11-17,0.1089,9.1843,0.1016,9.8418
2016-11-18,0.1079,9.2703,0.1018,9.8197
2016-11-21,0.1084,9.2243,0.1019,9.8105
2016-11-22,0.1086,9.2093,0.1021,9.7909
2016-11-23,0.1084,9.2214,0.1021,9.7899
2016-11-24,0.1078,9.2775,0.1023,9.7789
2016-11-25,0.1084,9.225,0.1023,9.7759
2016-11-28,0.1089,9.1819,0.1021,9.7938
2016-11-29,0.1086,9.2049,0.1024,9.7654
2016-11-30,0.1092,9.1607,0.1026,9.7497
2016-12-01,0.1082,9.24,0.102,9.8005
2016-12-02,0.1085,9.2144,0.1018,9.827
2016-12-05,0.1088,9.1924,0.1022,9.787
2016-12-06,0.1097,9.1181,0.1018,9.8255
2016-12-07,0.1097,9.1138,0.1023,9.7767
2016-12-08,0.1103,9.0655,0.1024,9.7667
2016-12-09,0.1093,9.146,0.103,9.7084
2016-12-12,0.1088,9.1888,0.1029,9.7158
2016-12-13,0.1092,9.1596,0.1028,9.7275
2016-12-14,0.1091,9.1664,0.1027,9.7414
2016-12-15,0.1076,9.2906,0.1027,9.7379
2016-12-16,0.1065,9.3856,0.1021,9.7971
2016-12-19,0.1071,9.3391,0.1024,9.7698
2016-12-20,0.1067,9.3754,0.1027,9.7358
2016-12-21,0.1072,9.3256,0.1031,9.7024
2016-12-22,0.1085,9.213,0.1039,9.6243
2016-12-23,0.1084,9.2272,0.1038,9.6351
2016-12-27,0.1085,9.2181,0.1038,9.6317
2016-12-28,0.1085,9.2206,0.1038,9.6382
2016-12-29,0.1092,9.1611,0.1044,9.5755
2016-12-30,0.1099,9.0971,0.1045,9.5669
2017-01-02,0.1099,9.0954,0.1046,9.561
2017-01-03,0.1094,9.1436,0.1048,9.5385
2017-01-04,0.1093,9.151,0.1048,9.5446
2017-01-05,0.1103,9.0697,0.1047,9.5471
2017-01-09,0.1103,9.0677,0.1045,9.5665
2017-01-10,0.1109,9.0176,0.1045,9.5687
2017-01-11,0.1103,9.0682,0.1045,9.5731
2017-01-12,0.1117,8.9559,0.1049,9.5326
2017-01-13,0.112,8.9308,0.1053,9.4973
2017-01-16,0.1117,8.9535,0.1054,9.4875
2017-01-17,0.1123,8.9058,0.1053,9.4944
2017-01-18,0.1124,8.8962,0.1051,9.5169
2017-01-19,0.1118,8.9411,0.105,9.523
2017-01-20,0.1119,8.9356,0.1049,9.533
2017-01-23,0.1131,8.8444,0.1053,9.497
2017-01-24,0.1132,8.8354,0.1053,9.4956
2017-01-25,0.113,8.8459,0.1054,9.4903
2017-01-26,0.1134,8.8192,0.1056,9.47
2017-01-27,0.113,8.8516,0.1058,9.4493
2017-01-30,0.1131,8.8389,0.1057,9.4568
2017-01-31,0.1134,8.8149,0.1058,9.4479
2017-02-01,0.1145,8.7316,0.1061,9.4222
2017-02-02,0.1147,8.7192,0.1062,9.4146
2017-02-03,0.1141,8.7607,0.1061,9.4219
2017-02-06,0.1138,8.7867,0.1059,9.4439
2017-02-07,0.1127,8.8757,0.1056,9.4705
2017-02-08,0.1125,8.8881,0.1057,9.4651
2017-02-09,0.113,8.848,0.1057,9.4599
2017-02-10,0.1122,8.9164,0.1054,9.4858
2017-02-13,0.1123,8.9021,0.1054,9.4835
2017-02-14,0.1122,8.9096,0.1056,9.4671
2017-02-15,0.1118,8.9424,0.1058,9.4485
2017-02-16,0.1123,8.9046,0.1057,9.4618
2017-02-17,0.1125,8.8856,0.1057,9.4594
2017-02-20,0.1123,8.908,0.1057,9.4625
2017-02-21,0.1114,8.98,0.1054,9.4896
2017-02-22,0.1111,9.0015,0.1058,9.4535
2017-02-23,0.1114,8.9737,0.1055,9.4769
2017-02-24,0.1115,8.9724,0.1052,9.5096
2017-02-27,0.1108,9.0264,0.1048,9.5449
2017-02-28,0.1106,9.0402,0.1045,9.5709
2017-03-01,0.1104,9.0602,0.1048,9.5448
2017-03-02,0.1106,9.0413,0.105,9.5253
2017-03-03,0.1102,9.0757,0.1048,9.5436
2017-03-06,0.1113,8.9826,0.1048,9.5453
2017-03-07,0.1111,9.0021,0.1049,9.5358
2017-03-08,0.1108,9.0217,0.105,9.5251
2017-03-09,0.1105,9.0501,0.1048,9.5456
2017-03-10,0.1107,9.0299,0.1044,9.5806
2017-03-13,0.1114,8.9768,0.1043,9.5855
2017-03-14,0.1118,8.946,0.105,9.5217
2017-03-15,0.1115,8.968,0.1049,9.5323
2017-03-16,0.1127,8.8707,0.1052,9.5096
2017-03-17,0.1135,8.8112,0.1054,9.4869
2017-03-20,0.1134,8.8175,0.1054,9.4921
2017-03-21,0.1138,8.7887,0.1054,9.486
2017-03-22,0.1134,8.8151,0.105,9.5193
2017-03-23,0.1136,8.8006,0.1053,9.4923
2017-03-24,0.1133,8.8251,0.105,9.5216
2017-03-27,0.1141,8.7637,0.105,9.5272
2017-03-28,0.1138,8.7848,0.1048,9.539
2017-03-29,0.1129,8.8596,0.1047,9.555
2017-03-30,0.1126,8.8839,0.1047,9.5536
2017-03-31,0.1119,8.9334,0.1048,9.5464
2017-04-03,0.1121,8.9191,0.1051,9.5138
2017-04-04,0.1115,8.9706,0.1046,9.5586
2017-04-05,0.1114,8.9764,0.1043,9.5906
2017-04-06,0.1111,9.0001,0.1044,9.5768
2017-04-07,0.111,9.0129,0.1043,9.5892
2017-04-10,0.1102,9.0767,0.1041,9.6057
2017-04-11,0.11,9.0907,0.1039,9.6234
2017-04-12,0.1108,9.0292,0.1043,9.5878
2017-04-13,0.1114,8.9797,0.1045,9.5659
2017-04-18,0.1112,8.994,0.1044,9.5781
2017-04-19,0.1117,8.9557,0.1041,9.6065
2017-04-20,0.1118,8.945,0.1041,9.6076
2017-04-21,0.1114,8.9772,0.1038,9.6348
2017-04-24,0.1128,8.8649,0.104,9.6126
2017-04-25,0.1132,8.8317,0.104,9.6157
2017-04-26,0.1142,8.7602,0.1045,9.568
2017-04-27,0.114,8.7684,0.1045,9.568
2017-04-28,0.1131,8.8386,0.1039,9.6222
2017-05-02,0.1131,8.8419,0.1036,9.6516
2017-05-03,0.1134,8.8172,0.1039,9.6232
2017-05-04,0.1131,8.8419,0.1039,9.6291
2017-05-05,0.1131,8.8382,0.1031,9.6957
2017-05-08,0.1136,8.8039,0.1036,9.6571
2017-05-09,0.113,8.8461,0.1036,9.6551
2017-05-10,0.1126,8.878,0.1034,9.6722
2017-05-11,0.1128,8.8671,0.1037,9.6476
2017-05-12,0.1124,8.8933,0.1035,9.6589
2017-05-15,0.1133,8.8248,0.1036,9.6537
2017-05-16,0.1138,8.7901,0.1031,9.6956
2017-05-17,0.1139,8.7794,0.1027,9.7391
2017-05-18,0.1143,8.7477,0.1026,9.7452
2017-05-19,0.1141,8.7678,0.1024,9.7666
2017-05-22,0.1147,8.7181,0.1025,9.7558
2017-05-23,0.1152,8.682,0.1024,9.7686
2017-05-24,0.1148,8.7141,0.1026,9.7421
2017-05-26,0.1152,8.677,0.1028,9.7311
2017-05-29,0.115,8.6962,0.1029,9.7167
2017-05-30,0.1143,8.7464,0.1026,9.7425
2017-05-31,0.1147,8.716,0.1025,9.7552
2017-06-01,0.1151,8.6883,0.1024,9.7621
2017-06-02,0.1151,8.688,0.1026,9.7491
2017-06-05,0.1158,8.6389,0.1027,9.7374
2017-06-07,0.1151,8.6884,0.1023,9.778
2017-06-08,0.1151,8.6907,0.1022,9.7819
2017-06-09,0.1145,8.7344,0.1023,9.776
2017-06-12,0.1147,8.7154,0.1024,9.769
2017-06-13,0.1147,8.7202,0.1023,9.7707
2017-06-14,0.1152,8.6826,0.1027,9.7374
2017-06-15,0.1147,8.7185,0.1025,9.7541
2017-06-16,0.1144,8.7439,0.1025,9.7549
2017-06-19,0.1148,8.7083,0.1027,9.7412
2017-06-20,0.1144,8.7436,0.1026,9.7448
2017-06-21,0.1139,8.7769,0.1023,9.7731
2017-06-22,0.1143,8.7505,0.1024,9.7703
2017-06-26,0.1148,8.7114,0.1025,9.7574
2017-06-27,0.1147,8.7212,0.1025,9.7579
2017-06-28,0.1161,8.6129,0.1022,9.7852
2017-06-29,0.1175,8.5124,0.1028,9.7273
2017-06-30,0.1181,8.469,0.1034,9.6734
2017-07-03,0.1185,8.4387,0.1039,9.6226
2017-07-04,0.1176,8.5061,0.1035,9.6646
2017-07-05,0.1175,8.5093,0.1035,9.6654
2017-07-06,0.1179,8.4834,0.1038,9.6302
2017-07-07,0.1185,8.4414,0.1037,9.6416
2017-07-10,0.1186,8.4338,0.104,9.6166
2017-07-11,0.1186,8.4335,0.1041,9.6106
2017-07-12,0.119,8.4004,0.1039,9.6272
2017-07-13,0.1192,8.3861,0.1043,9.586
2017-07-14,0.1197,8.3575,0.1048,9.5385
2017-07-17,0.12,8.3313,0.1049,9.5341
2017-07-18,0.121,8.2662,0.1051,9.5189
2017-07-19,0.1205,8.2957,0.1045,9.5659
2017-07-20,0.1203,8.3121,0.1045,9.5667
2017-07-21,0.1215,8.2332,0.1043,9.5885
2017-07-24,0.1213,8.2446,0.1041,9.604
2017-07-25,0.1219,8.2067,0.1046,9.5612
2017-07-26,0.1217,8.218,0.1046,9.5636
2017-07-27,0.1224,8.1729,0.1044,9.579
2017-07-28,0.1223,8.1782,0.1046,9.5616
2017-07-31,0.123,8.1331,0.1048,9.5408
2017-08-01,0.1238,8.0808,0.1047,9.547
2017-08-02,0.1233,8.1079,0.1043,9.5913
2017-08-03,0.1234,8.1057,0.1042,9.5985
2017-08-04,0.1236,8.0894,0.1041,9.6095
2017-08-07,0.1229,8.1397,0.1042,9.594
2017-08-08,0.1229,8.1338,0.1041,9.6086
2017-08-09,0.1223,8.1783,0.1041,9.6102
2017-08-10,0.1223,8.1789,0.1043,9.5893
2017-08-11,0.1227,8.1506,0.1044,9.5798
2017-08-14,0.1232,8.1186,0.1042,9.5966
2017-08-15,0.1234,8.1046,0.1051,9.514
2017-08-16,0.1239,8.0679,0.1055,9.48
2017-08-17,0.1238,8.0788,0.1053,9.4983
2017-08-18,0.1233,8.11,0.105,9.5276
2017-08-21,0.1232,8.1161,0.105,9.5272
2017-08-22,0.1238,8.0801,0.105,9.5264
2017-08-23,0.1233,8.1099,0.1049,9.5333
2017-08-24,0.124,8.0647,0.1051,9.5107
2017-08-25,0.1237,8.0834,0.105,9.5248
2017-08-28,0.1255,7.9663,0.1052,9.5069
2017-08-29,0.126,7.9383,0.1048,9.5455
2017-08-30,0.1258,7.9514,0.1053,9.4994
2017-08-31,0.1254,7.9725,0.1054,9.4839
2017-09-01,0.1254,7.9738,0.1055,9.48
2017-09-04,0.1253,7.9835,0.1053,9.4925
2017-09-05,0.1257,7.9572,0.1056,9.4671
2017-09-06,0.1256,7.9607,0.1054,9.4917
2017-09-07,0.1256,7.9627,0.1052,9.5094
2017-09-08,0.1262,7.9236,0.1047,9.5475
2017-09-11,0.1258,7.9474,0.1048,9.5394
2017-09-12,0.1252,7.9849,0.1046,9.5612
2017-09-13,0.1255,7.9693,0.1047,9.5501
2017-09-14,0.1246,8.0238,0.1048,9.5418
2017-09-15,0.1251,7.9905,0.105,9.5246
2017-09-18,0.1254,7.9737,0.1052,9.5082
2017-09-19,0.1257,7.9544,0.1049,9.5339
2017-09-20,0.1258,7.9503,0.1048,9.5413
2017-09-21,0.1248,8.0114,0.105,9.5212
2017-09-22,0.1257,7.9532,0.1049,9.5297
2017-09-25,0.125,8.0025,0.1049,9.5371
2017-09-26,0.1239,8.0695,0.1047,9.5494
2017-09-27,0.1228,8.1441,0.1045,9.5689
2017-09-28,0.1226,8.1535,0.1044,9.5789
2017-09-29,0.1233,8.1086,0.1045,9.5668
2017-10-02,0.1223,8.177,0.1041,9.6049
2017-10-03,0.1225,8.1627,0.1044,9.578
2017-10-04,0.1232,8.1141,0.1048,9.5381
2017-10-05,0.1236,8.0934,0.1049,9.5284
2017-10-06,0.1226,8.1555,0.1049,9.5335
2017-10-09,0.1231,8.1251,0.1049,9.5298
2017-10-10,0.1234,8.1033,0.1049,9.5353
2017-10-11,0.1241,8.0587,0.1049,9.5298
2017-10-12,0.1238,8.0773,0.1044,9.582
2017-10-13,0.1232,8.1166,0.1042,9.5972
2017-10-16,0.123,8.1297,0.1043,9.588
2017-10-17,0.1229,8.1361,0.1045,9.5719
2017-10-18,0.1226,8.1549,0.1042,9.5951
2017-10-19,0.1228,8.1455,0.104,9.6195
2017-10-20,0.1226,8.1563,0.1039,9.6236
2017-10-23,0.1222,8.185,0.1039,9.6209
2017-10-24,0.1219,8.2042,0.1038,9.6377
2017-10-25,0.1212,8.2489,0.1031,9.7004
2017-10-26,0.1219,8.2023,0.1031,9.6949
2017-10-27,0.1197,8.3543,0.103,9.712
2017-10-30,0.1199,8.3379,0.1031,9.6962
2017-10-31,0.1197,8.3555,0.1028,9.7287
2017-11-01,0.1194,8.3724,0.1026,9.7481
2017-11-02,0.1191,8.399,0.1023,9.7746
2017-11-03,0.119,8.4034,0.1022,9.7855
2017-11-06,0.1185,8.4364,0.1021,9.7927
2017-11-07,0.1187,8.4222,0.1025,9.7516
2017-11-08,0.1192,8.3868,0.1027,9.7326
2017-11-09,0.1193,8.3845,0.1029,9.7223
2017-11-10,0.1194,8.3755,0.1026,9.7468
2017-11-13,0.1193,8.38,0.1025,9.7566
2017-11-14,0.119,8.4002,0.1018,9.8265
2017-11-15,0.1192,8.3861,0.1008,9.9171
2017-11-16,0.1188,8.4163,0.1008,9.9207
2017-11-17,0.1189,8.4124,0.1008,9.9202
2017-11-20,0.1186,8.4344,0.1007,9.9339
2017-11-21,0.1173,8.5222,0.0999,10.012
2017-11-22,0.1186,8.4344,0.1008,9.922
2017-11-23,0.12,8.3319,0.1014,9.8644
2017-11-24,0.1204,8.3053,0.1016,9.8452
2017-11-27,0.1207,8.2859,0.101,9.8991
2017-11-28,0.1203,8.3119,0.101,9.9002
2017-11-29,0.1198,8.3446,0.101,9.9009
2017-11-30,0.1196,8.3598,0.1009,9.9109
2017-12-01,0.1195,8.3654,0.1002,9.984
2017-12-04,0.1193,8.3848,0.1005,9.9504
2017-12-05,0.1186,8.4315,0.1001,9.9942
2017-12-06,0.119,8.4055,0.1007,9.9329
2017-12-07,0.1186,8.4345,0.1005,9.9488
2017-12-08,0.1176,8.501,0.1002,9.9831
2017-12-11,0.1181,8.47,0.1001,9.9873
2017-12-12,0.1183,8.4522,0.1004,9.9603
2017-12-13,0.1185,8.4402,0.1009,9.9111
2017-12-14,0.1191,8.398,0.1006,9.9369
2017-12-15,0.1186,8.4324,0.1006,9.9374
2017-12-18,0.118,8.4752,0.1002,9.9822
2017-12-19,0.1188,8.4159,0.1006,9.9392
2017-12-20,0.1193,8.3804,0.1007,9.9282
2017-12-21,0.1192,8.3922,0.1003,9.9679
2017-12-22,0.1193,8.3843,0.1006,9.9387
2017-12-27,0.1199,8.3392,0.101,9.9019
2017-12-28,0.1214,8.2391,0.1016,9.8397
2017-12-29,0.1215,8.2322,0.1015,9.8497
2018-01-02,0.1227,8.1473,0.1019,9.8107
2018-01-03,0.1223,8.1769,0.1016,9.8428
2018-01-04,0.1226,8.1581,0.1019,9.8146
2018-01-05,0.1227,8.1483,0.1018,9.8237
2018-01-08,0.1222,8.1812,0.1019,9.8143
2018-01-09,0.1217,8.2178,0.1019,9.8121
2018-01-10,0.1219,8.2027,0.102,9.8042
2018-01-11,0.122,8.1959,0.1022,9.7821
2018-01-12,0.1234,8.1069,0.1022,9.7895
2018-01-15,0.1241,8.0562,0.1016,9.8404
2018-01-16,0.1247,8.0185,0.1018,9.8245
2018-01-17,0.1243,8.0432,0.1016,9.8387
2018-01-18,0.1245,8.0339,0.1019,9.8108
2018-01-19,0.1249,8.0081,0.1017,9.8282
2018-01-22,0.1245,8.0316,0.1017,9.8323
2018-01-23,0.1244,8.0391,0.1017,9.8309
2018-01-24,0.1251,7.992,0.1016,9.8459
2018-01-25,0.1264,7.913,0.1019,9.8167
2018-01-26,0.127,7.8739,0.1019,9.8138
2018-01-29,0.1268,7.8847,0.1023,9.7783
2018-01-30,0.1264,7.9112,0.1023,9.7708
2018-01-31,0.1275,7.8434,0.1025,9.757
2018-02-01,0.1269,7.88,0.1021,9.7936
2018-02-02,0.1273,7.855,0.1017,9.8292
2018-02-05,0.1266,7.8999,0.1017,9.8367
2018-02-06,0.1259,7.9415,0.1014,9.86
2018-02-07,0.1255,7.9657,0.1015,9.8558
2018-02-08,0.1237,8.0841,0.101,9.8986
2018-02-09,0.1232,8.1158,0.1005,9.9547
2018-02-12,0.1237,8.0827,0.1008,9.9162
2018-02-13,0.1242,8.0492,0.1008,9.9254
2018-02-14,0.125,8.0009,0.1011,9.8948
2018-02-15,0.1262,7.9209,0.101,9.898
2018-02-16,0.1264,7.9096,0.1009,9.9106
2018-02-19,0.1254,7.972,0.1011,9.8901
2018-02-20,0.1244,8.0396,0.1006,9.9355
2018-02-21,0.1235,8.0963,0.1003,9.972
2018-02-22,0.1229,8.1397,0.1001,9.9919
2018-02-23,0.123,8.1322,0.0999,10.006
2018-02-26,0.1229,8.1381,0.0997,10.0268
2018-02-27,0.1225,8.1609,0.0994,10.0645
2018-02-28,0.1211,8.256,0.0993,10.0752
2018-03-01,0.1209,8.2709,0.0991,10.092
2018-03-02,0.1211,8.2557,0.0987,10.1285
2018-03-05,0.121,8.2658,0.0983,10.1729
2018-03-06,0.121,8.2641,0.098,10.2006
2018-03-07,0.1216,8.2253,0.098,10.2076
2018-03-08,0.1213,8.244,0.0978,10.2267
2018-03-09,0.1212,8.2537,0.0984,10.1579
2018-03-12,0.1213,8.2423,0.0984,10.1616
2018-03-13,0.1213,8.2433,0.0984,10.1617
2018-03-14,0.1217,8.216,0.0984,10.1628
2018-03-15,0.1223,8.1749,0.0989,10.1103
2018-03-16,0.1221,8.1917,0.0991,10.0901
2018-03-19,0.1216,8.2237,0.0991,10.0925
2018-03-20,0.1224,8.1697,0.0992,10.0806
2018-03-21,0.1219,8.2065,0.0992,10.0809
2018-03-22,0.1223,8.1757,0.0989,10.1072
2018-03-23,0.121,8.267,0.0981,10.197
2018-03-26,0.1218,8.2112,0.0983,10.1697
2018-03-27,0.1223,8.174,0.0981,10.1916
2018-03-28,0.121,8.2666,0.0977,10.2379
2018-03-29,0.1196,8.3596,0.0972,10.2931
2018-04-03,0.1192,8.3918,0.0967,10.3446
2018-04-04,0.1192,8.3875,0.0972,10.2864
2018-04-05,0.1191,8.3983,0.0971,10.296
2018-04-06,0.1184,8.4474,0.0969,10.324
2018-04-09,0.1193,8.3822,0.0972,10.2868
2018-04-10,0.1198,8.3507,0.0971,10.2946
2018-04-11,0.1205,8.2988,0.0973,10.2759
2018-04-12,0.1198,8.3506,0.0969,10.3243
2018-04-13,0.1187,8.4221,0.0963,10.385
2018-04-16,0.1184,8.4466,0.096,10.4212
2018-04-17,0.1189,8.4078,0.0958,10.4331
2018-04-18,0.119,8.4041,0.0962,10.4
2018-04-19,0.1192,8.3872,0.0962,10.3977
2018-04-20,0.1189,8.4133,0.0963,10.3841
2018-04-23,0.1181,8.4642,0.0963,10.3878
2018-04-24,0.1175,8.5099,0.0963,10.3847
2018-04-25,0.1171,8.539,0.096,10.4138
2018-04-26,0.117,8.5481,0.0961,10.4012
2018-04-27,0.1151,8.6911,0.0953,10.4881
2018-04-30,0.1152,8.6774,0.0951,10.5117
2018-05-02,0.1133,8.8264,0.0942,10.6123
2018-05-03,0.1124,8.8953,0.0937,10.6667
2018-05-04,0.1133,8.8259,0.0947,10.5603
2018-05-07,0.1131,8.8385,0.0949,10.5424
2018-05-08,0.1133,8.8262,0.0951,10.5151
2018-05-09,0.1134,8.8147,0.0958,10.4339
2018-05-11,0.1158,8.6362,0.0973,10.2808
2018-05-14,0.1165,8.5815,0.0973,10.2748
2018-05-15,0.1159,8.6267,0.0971,10.2943
2018-05-16,0.115,8.6919,0.0971,10.295
2018-05-17,0.115,8.6988,0.0974,10.2715
2018-05-18,0.1146,8.724,0.097,10.3083
2018-05-21,0.1141,8.7658,0.0973,10.2809
2018-05-22,0.1153,8.6734,0.0978,10.23
2018-05-23,0.1143,8.7458,0.0974,10.2635
2018-05-24,0.1143,8.7521,0.0974,10.2648
2018-05-25,0.1143,8.7453,0.0978,10.2266
2018-05-28,0.1145,8.7322,0.0979,10.2183
2018-05-29,0.1129,8.855,0.0974,10.2634
2018-05-30,0.1122,8.9143,0.0969,10.3217
2018-05-31,0.1138,8.7887,0.0973,10.2801
2018-06-01,0.1136,8.8032,0.0971,10.2961
2018-06-04,0.114,8.7721,0.0974,10.2716
2018-06-05,0.1143,8.7488,0.0978,10.2282
2018-06-07,0.1153,8.6724,0.0975,10.2533
2018-06-08,0.1145,8.734,0.0972,10.2872
2018-06-11,0.115,8.6919,0.0974,10.2666
2018-06-12,0.1158,8.6362,0.0981,10.1902
2018-06-13,0.1158,8.6351,0.0986,10.1432
2018-06-14,0.1164,8.5932,0.0985,10.1514
2018-06-15,0.1142,8.7568,0.0987,10.1296
2018-06-18,0.1131,8.8382,0.0977,10.2308
2018-06-19,0.1121,8.923,0.0968,10.3358
2018-06-20,0.1123,8.9053,0.097,10.3079
2018-06-21,0.1125,8.8864,0.0974,10.2687
2018-06-25,0.1124,8.8984,0.0966,10.3551
2018-06-26,0.1132,8.8337,0.0968,10.3314
2018-06-27,0.1126,8.8843,0.0965,10.3649
2018-06-28,0.1112,8.9932,0.0963,10.3878
2018-06-29,0.1116,8.9599,0.096,10.4213
2018-07-02,0.1112,8.99,0.0956,10.4591
2018-07-03,0.1121,8.9205,0.0962,10.391
2018-07-04,0.1138,8.7912,0.0975,10.2549
2018-07-05,0.1143,8.7464,0.0978,10.2251
2018-07-06,0.1141,8.7628,0.0975,10.2572
2018-07-09,0.1149,8.7038,0.0978,10.2301
2018-07-10,0.1145,8.7327,0.0975,10.2572
2018-07-11,0.1139,8.7792,0.0971,10.2992
2018-07-12,0.1136,8.805,0.0972,10.2882
2018-07-13,0.1123,8.9024,0.0966,10.3555
2018-07-16,0.1129,8.859,0.0966,10.357
2018-07-17,0.1136,8.8047,0.0968,10.3268
2018-07-18,0.1127,8.8693,0.097,10.3117
2018-07-19,0.1124,8.8987,0.0968,10.3331
2018-07-20,0.1122,8.9145,0.0964,10.3769
2018-07-23,0.1131,8.8397,0.0964,10.373
2018-07-24,0.1129,8.8588,0.0966,10.3568
2018-07-25,0.1135,8.8109,0.0971,10.3027
2018-07-26,0.1143,8.7526,0.0974,10.2655
2018-07-27,0.1135,8.8077,0.0974,10.2674
2018-07-30,0.1137,8.7937,0.0975,10.2521
2018-07-31,0.1143,8.7521,0.0974,10.2644
2018-08-01,0.1137,8.7984,0.0972,10.2852
2018-08-02,0.1132,8.8354,0.0973,10.2774
2018-08-03,0.1121,8.9178,0.0968,10.3298
2018-08-06,0.1122,8.914,0.0971,10.3026
2018-08-07,0.112,8.9286,0.0968,10.3337
2018-08-08,0.1123,8.905,0.0967,10.3459
2018-08-09,0.1113,8.988,0.0961,10.4091
2018-08-10,0.1104,9.0588,0.0964,10.3785
2018-08-13,0.109,9.1734,0.0958,10.4351
2018-08-14,0.1098,9.1063,0.0962,10.3962
2018-08-15,0.1092,9.161,0.0963,10.3865
2018-08-16,0.1089,9.186,0.0958,10.4425
2018-08-17,0.1089,9.1837,0.0956,10.4552
2018-08-20,0.1091,9.1662,0.0955,10.4659
2018-08-21,0.1094,9.1406,0.095,10.5218
2018-08-22,0.1098,9.1073,0.0949,10.5362
2018-08-23,0.1101,9.082,0.0952,10.5007
2018-08-24,0.1094,9.1406,0.0946,10.5692
2018-08-27,0.1094,9.1382,0.0943,10.6081
2018-08-28,0.1097,9.1131,0.0939,10.6495
2018-08-29,0.1092,9.1587,0.0935,10.6978
2018-08-30,0.1096,9.1249,0.0936,10.6847
2018-08-31,0.1098,9.1044,0.094,10.6372
2018-09-03,0.1095,9.1363,0.0943,10.6048
2018-09-04,0.1097,9.1161,0.0948,10.5539
2018-09-05,0.1096,9.1258,0.0949,10.5416
2018-09-06,0.1101,9.0865,0.0946,10.5692
2018-09-07,0.11,9.0883,0.0945,10.58
2018-09-10,0.1106,9.0456,0.0957,10.4503
2018-09-11,0.1108,9.0215,0.0953,10.4978
2018-09-12,0.1104,9.0603,0.0952,10.4988
2018-09-13,0.1113,8.9881,0.0958,10.4435
2018-09-14,0.1114,8.977,0.0951,10.5116
2018-09-17,0.1106,9.0377,0.0951,10.5143
2018-09-18,0.1124,8.8973,0.0962,10.3984
2018-09-19,0.1127,8.8721,0.0963,10.3801
2018-09-20,0.1129,8.8569,0.0965,10.3607
2018-09-21,0.114,8.7683,0.0968,10.3319
2018-09-24,0.1136,8.7995,0.0968,10.3334
2018-09-25,0.1139,8.7762,0.0969,10.3183
2018-09-26,0.1137,8.7947,0.0966,10.352
2018-09-27,0.1131,8.8381,0.0966,10.3477
2018-09-28,0.1129,8.8573,0.0971,10.2945
2018-10-01,0.1122,8.9106,0.0969,10.3196
2018-10-02,0.1112,8.9892,0.0965,10.3666
2018-10-03,0.1114,8.9798,0.0962,10.3939
2018-10-04,0.1106,9.0444,0.0963,10.3818
2018-10-05,0.1103,9.0677,0.0958,10.4346
2018-10-08,0.1102,9.0782,0.0958,10.4405
2018-10-09,0.1097,9.1131,0.0957,10.4539
2018-10-10,0.1099,9.0954,0.0957,10.4488
2018-10-11,0.1106,9.0398,0.0958,10.4398
2018-10-12,0.1117,8.9498,0.0963,10.3827
2018-10-15,0.1113,8.9816,0.0962,10.3922
2018-10-16,0.112,8.9294,0.0966,10.35
2018-10-17,0.1122,8.914,0.097,10.304
2018-10-18,0.1114,8.9754,0.0969,10.3223
2018-10-19,0.1108,9.0266,0.0968,10.3277
2018-10-22,0.1117,8.9551,0.0967,10.3397
2018-10-23,0.1109,9.0151,0.0967,10.3368
2018-10-24,0.1106,9.0447,0.0966,10.3523
2018-10-25,0.1096,9.1264,0.0961,10.4093
2018-10-26,0.1096,9.1206,0.0964,10.3773
2018-10-29,0.1094,9.1429,0.096,10.4156
2018-10-30,0.1094,9.1384,0.0962,10.3926
2018-10-31,0.1091,9.1648,0.0961,10.4039
2018-11-01,0.1103,9.0667,0.097,10.3109
2018-11-02,0.1111,9.0013,0.0971,10.2967
2018-11-05,0.1103,9.0628,0.0969,10.3215
2018-11-06,0.1104,9.0566,0.0968,10.3351
2018-11-07,0.1111,9.0038,0.0968,10.3298
2018-11-08,0.1114,8.9782,0.0974,10.2703
2018-11-09,0.1103,9.0652,0.0973,10.2787
2018-11-12,0.1094,9.1405,0.0973,10.2816
2018-11-13,0.1097,9.1196,0.0976,10.2511
2018-11-14,0.1098,9.1034,0.0973,10.2728
2018-11-15,0.1106,9.0438,0.0974,10.2623
2018-11-16,0.1106,9.0421,0.0973,10.2723
2018-11-19,0.1111,8.9994,0.0973,10.2794
2018-11-20,0.1112,8.9966,0.097,10.312
2018-11-21,0.1103,9.0686,0.0968,10.3353
2018-11-22,0.1105,9.0475,0.097,10.3144
2018-11-23,0.1105,9.0477,0.097,10.3045
2018-11-26,0.1106,9.0394,0.0973,10.28
2018-11-27,0.1098,9.1078,0.0971,10.3015
2018-11-28,0.1097,9.115,0.0973,10.2767
2018-11-29,0.1108,9.0283,0.0973,10.2823
2018-11-30,0.11,9.0888,0.0967,10.3431
2018-12-03,0.1106,9.0419,0.0974,10.2714
2018-12-04,0.1113,8.9812,0.0978,10.226
2018-12-05,0.1108,9.0277,0.0978,10.2299
2018-12-06,0.1111,8.9994,0.0981,10.1952
2018-12-07,0.1112,8.9913,0.0978,10.2274
2018-12-10,0.1107,9.033,0.0969,10.3157
2018-12-11,0.1104,9.0591,0.097,10.3118
2018-12-12,0.1098,9.1104,0.097,10.3138
2018-12-13,0.1104,9.0556,0.097,10.3099
2018-12-14,0.1101,9.0835,0.0972,10.2928
2018-12-17,0.1103,9.0696,0.0974,10.2619
2018-12-18,0.1104,9.054,0.0971,10.2949
2018-12-19,0.1106,9.0445,0.097,10.3103
2018-12-20,0.111,9.0082,0.0971,10.2978
2018-12-21,0.1116,8.9587,0.0973,10.276
2018-12-27,0.1103,9.0688,0.0968,10.3281
2018-12-28,0.1115,8.971,0.0973,10.2753
2019-01-02,0.112,8.9272,0.0979,10.2131
2019-01-03,0.111,9.0071,0.0976,10.2476
2019-01-04,0.1112,8.9893,0.0975,10.2543
2019-01-07,0.1119,8.9394,0.0978,10.2224
2019-01-08,0.1123,8.9037,0.0982,10.1874
2019-01-09,0.1123,8.9063,0.0979,10.2098
2019-01-10,0.1126,8.884,0.0975,10.2593
2019-01-11,0.1128,8.8685,0.0978,10.2216
2019-01-14,0.1119,8.9347,0.0976,10.2486
2019-01-15,0.1117,8.949,0.0975,10.2539
2019-01-16,0.1116,8.9601,0.0978,10.2262
2019-01-17,0.1107,9.0356,0.0972,10.2893
2019-01-18,0.1111,9.0034,0.0974,10.2617
2019-01-21,0.111,9.0062,0.0976,10.2479
2019-01-22,0.1108,9.0283,0.0975,10.2524
2019-01-23,0.1108,9.0257,0.0976,10.251
2019-01-24,0.1106,9.0414,0.0974,10.2686
2019-01-25,0.11,9.0873,0.0972,10.2931
2019-01-28,0.1103,9.0692,0.0968,10.3337
2019-01-29,0.1106,9.0428,0.0966,10.3484
2019-01-30,0.1102,9.0741,0.0963,10.3808
2019-01-31,0.1109,9.0153,0.0964,10.3697
2019-02-01,0.1105,9.0472,0.0966,10.3573
2019-02-04,0.1104,9.061,0.0964,10.3736
2019-02-05,0.1096,9.1271,0.096,10.4196
2019-02-06,0.1093,9.1519,0.0959,10.4236
2019-02-07,0.1083,9.2353,0.0954,10.4832
2019-02-08,0.1079,9.2637,0.0953,10.4974
